OID_,Field1,STOP_ID,DIRECTION_ID,STOP_NAME,STATION_NAME,STATION_DESCRIPTIVE_NAME,MAP_ID,ADA,RED,BLUE,G,BRN,P,Pexp,Y,Pnk,O,Location,lat,long,stationame,station_id_min_2020,monthtotal_sum_2019,monthtotal_sum_2020,F_2019_2020__2019,F2019_2020
1,0,30082,E,Cicero (Loop-bound),Cicero,Cicero (Pink Line),40420,True,False,False,False,False,False,False,False,True,False,"(41.85182, -87.745336)",41.851819999999996,-87.745335999999995,Cicero-Cermak,40420,368061,195413,0.469074419729338,172648
2,1,30151,E,Central Park (Loop-bound),Central Park,Central Park (Pink Line),40780,True,False,False,False,False,False,False,False,True,False,"(41.853839, -87.714842)",41.853839000000001,-87.714842000000004,Central Park,40780,343146,165239,0.518458615283291,177907
3,2,30184,W,Halsted/63rd (Ashland-bound),Halsted,Halsted (Green Line),40940,True,False,False,True,False,False,False,False,False,False,"(41.778943, -87.644244)",41.778942999999998,-87.644244000000000,Halsted/63rd,40940,159214,77657,0.512247666662479,81557
4,3,30044,N,Cumberland (O'Hare-bound),Cumberland,Cumberland (Blue Line),40230,True,False,True,False,False,False,False,False,False,False,"(41.984246, -87.838028)",41.984245999999999,-87.838027999999994,Cumberland,40230,1239810,401506,0.676155217331688,838304
5,4,30092,E,Racine (O'Hare-bound),Racine,Racine (Blue Line),40470,False,False,True,False,False,False,False,False,False,False,"(41.87592, -87.659458)",41.875920000000001,-87.659458000000001,Racine,40470,622690,196114,0.685053557950184,426576
6,5,30253,N,Paulina (Kimball-bound),Paulina,Paulina (Brown Line),41310,True,False,False,False,True,False,False,False,False,False,"(41.943623, -87.670907)",41.943623000000002,-87.670907000000000,Paulina,41310,849667,272270,0.679556814610900,577397
7,6,30162,W,18th (54th/Cermak-bound),18th,18th (Pink Line),40830,True,False,False,False,False,False,False,False,True,False,"(41.857908, -87.669147)",41.857908000000002,-87.669146999999995,18th,40830,550089,225878,0.589379173188339,324211
8,7,30374,S,Clark/Lake (Forest Pk-bound),Clark/Lake,"Clark/Lake (Blue, Brown, Green, Orange, Purple & Pink lines)",40380,True,False,True,False,False,False,False,False,False,False,"(41.885737, -87.630886)",41.885736999999999,-87.630886000000004,Clark/Lake,40380,5830767,1648674,0.717245775727276,4182093
9,8,30248,S,Jefferson Park (Forest Pk-bound),Jefferson Park,Jefferson Park (Blue Line),41280,True,False,True,False,False,False,False,False,False,False,"(41.970634, -87.760892)",41.970633999999997,-87.760891999999998,Jefferson Park,41280,1896402,826774,0.564030200347817,1069628
10,9,30104,S,Diversey (Loop-bound),Diversey,Diversey (Brown & Purple lines),40530,True,False,False,False,True,False,True,False,False,False,"(41.932732, -87.653131)",41.932732000000001,-87.653131000000002,Diversey,40530,1651007,525219,0.681879604386898,1125788
11,10,30287,N,Montrose (Kimball-bound),Montrose,Montrose (Brown Line),41500,True,False,False,False,True,False,False,False,False,False,"(41.961756, -87.675047)",41.961756000000001,-87.675047000000006,Montrose-Brown,41500,793566,255709,0.677772233185393,537857
12,11,30068,E,UIC-Halsted (O'Hare-bound),UIC-Halsted,UIC-Halsted (Blue Line),40350,True,False,True,False,False,False,False,False,False,False,"(41.875474, -87.649707)",41.875473999999997,-87.649707000000006,UIC-Halsted,40350,1729039,524093,0.696887693105824,1204946
13,12,30214,S,35-Bronzeville-IIT (63rd-bound),35th-Bronzeville-IIT,35th-Bronzeville-IIT (Green Line),41120,True,False,False,True,False,False,False,False,False,False,"(41.831677, -87.625826)",41.831676999999999,-87.625826000000004,35-Bronzeville-IIT,41120,480679,185990,0.613068180636142,294689
14,13,30102,S,Foster (Howard-Loop-bound),Foster,Foster (Purple Line),40520,False,False,False,False,False,True,True,False,False,False,"(42.05416, -87.68356)",42.054160000000003,-87.683560000000000,Foster,40520,252742,79320,0.686162173283427,173422
15,14,30008,S,Quincy/Wells (Outer Loop),Quincy/Wells,"Quincy/Wells (Brown, Orange, Purple & Pink lines)",40040,True,False,False,False,True,False,False,False,False,False,"(41.878723, -87.63374)",41.878723000000001,-87.633740000000003,Quincy/Wells,40040,2188354,595970,0.727662891835599,1592384
16,15,30070,N,Southport (Kimball-bound),Southport,Southport (Brown Line),40360,True,False,False,False,True,False,False,False,False,False,"(41.943744, -87.663619)",41.943744000000002,-87.663618999999997,Southport,40360,1084936,305940,0.718011016318013,778996
17,16,30252,S,Loyola (95th-bound),Loyola,Loyola (Red Line),41300,True,True,False,False,False,False,False,False,False,False,"(42.001073, -87.661061)",42.001072999999998,-87.661061000000004,Loyola,41300,1663404,611755,0.632227047668516,1051649
18,17,30237,N,47th (Howard-bound),47th,47th (Red Line),41230,True,True,False,False,False,False,False,False,False,False,"(41.810318, -87.63094)",41.810318000000002,-87.630939999999995,47th-Dan Ryan,41230,869861,403043,0.536658155728329,466818
19,18,30267,N,Bryn Mawr (Howard-bound),Bryn Mawr,Bryn Mawr (Red Line),41380,False,True,False,False,False,False,False,False,False,False,"(41.983504, -87.65884)",41.983504000000003,-87.658839999999998,Bryn Mawr,41380,1390206,474348,0.658793013409523,915858
20,19,30190,W,Harlem (Forest Pk Branch) (Terminal arrival),Harlem,Harlem (Blue Line - Forest Park Branch),40980,False,False,True,False,False,False,False,False,False,False,"(41.87349, -87.806961)",41.873489999999997,-87.806961000000001,Harlem-Forest Park,40980,344096,156087,0.546385311075979,188009
21,20,30173,N,Howard (Terminal arrival),Howard,"Howard (Red, Purple & Yellow lines)",40900,True,True,False,False,False,False,False,False,False,False,"(42.019063, -87.672892)",42.019063000000003,-87.672892000000004,Howard,40900,1650809,762300,0.538226408990986,888509
22,21,30207,E,Kedzie (63rd-bound),Kedzie,Kedzie (Green Line),41070,True,False,False,True,False,False,False,False,False,False,"(41.884321, -87.706155)",41.884321000000000,-87.706154999999995,Kedzie-Lake,41070,416436,200628,0.518226089963404,215808
23,22,30218,W,King Drive (Harlem-bound),King Drive,King Drive (Green Line),41140,True,False,False,True,False,False,False,False,False,False,"(41.78013, -87.615546)",41.780130000000000,-87.615545999999995,King Drive,41140,139131,74689,0.463174993351590,64442
24,23,30057,W,Ashland/63rd (Terminal arrival),Ashland/63rd,Ashland/63rd (Green Line),40290,True,False,False,True,False,False,False,False,False,False,"(41.77886, -87.663766)",41.778860000000002,-87.663765999999995,Ashland/63rd,40290,301890,150810,0.500447182748683,151080
25,24,30088,N,95th/Dan Ryan (Howard-bound),95th/Dan Ryan,95th/Dan Ryan (Red Line),40450,True,True,False,False,False,False,False,False,False,False,"(41.722377, -87.624342)",41.722377000000002,-87.624341999999999,95th/Dan Ryan,40450,2818826,1425095,0.494436691019595,1393731
26,25,30129,N,Western (O'Hare Branch) (O'Hare-bound),Western,Western (Blue Line - O'Hare Branch),40670,True,False,True,False,False,False,False,False,False,False,"(41.916157, -87.687364)",41.916156999999998,-87.687364000000002,Western/Milwaukee,40670,1649428,509566,0.691065023753689,1139862
27,26,30128,S,Armitage (Loop-bound),Armitage,Armitage (Brown & Purple lines),40660,True,False,False,False,True,False,True,False,False,False,"(41.918217, -87.652644)",41.918216999999999,-87.652643999999995,Armitage,40660,1243651,378662,0.695523905018369,864989
28,27,30089,S,95th/Dan Ryan (95th-bound),95th/Dan Ryan,95th/Dan Ryan (Red Line),40450,True,True,False,False,False,False,False,False,False,False,"(41.722377, -87.624342)",41.722377000000002,-87.624341999999999,95th/Dan Ryan,40450,2818826,1425095,0.494436691019595,1393731
29,28,30269,N,Roosevelt (Howard-bound),Roosevelt,"Roosevelt (Red, Orange & Green lines)",41400,True,True,False,False,False,False,False,False,False,False,"(41.867368, -87.627402)",41.867367999999999,-87.627402000000004,Roosevelt,41400,3466910,1313925,0.621009775275389,2152985
30,29,30256,S,Belmont (95th-bound),Belmont,"Belmont (Red, Brown & Purple lines)",41320,True,True,False,False,False,False,False,False,False,False,"(41.939751, -87.65338)",41.939751000000001,-87.653379999999999,Belmont-North Main,41320,3745165,1220771,0.674040796600417,2524394
31,30,30114,W,54th/Cermak (Terminal arrival),54th/Cermak,54th/Cermak (Pink Line),40580,True,False,False,False,False,False,False,False,True,False,"(41.85177331, -87.75669201)",41.851773309999999,-87.756692009999995,54th/Cermak,40580,647566,299853,0.536953762241995,347713
32,31,30217,E,King Drive (Cottage Grove-bound),King Drive,King Drive (Green Line),41140,True,False,False,True,False,False,False,False,False,False,"(41.78013, -87.615546)",41.780130000000000,-87.615545999999995,King Drive,41140,139131,74689,0.463174993351590,64442
33,32,30134,S,Dempster (Howard-Loop-bound),Dempster,Dempster (Purple Line),40690,False,False,False,False,False,True,True,False,False,False,"(42.041655, -87.681602)",42.041654999999999,-87.681601999999998,Dempster,40690,258934,96449,0.627515119683008,162485
34,33,30236,S,Fullerton (Loop-bound),Fullerton,"Fullerton (Red, Brown & Purple lines)",41220,True,False,False,False,True,False,True,False,False,False,"(41.925051, -87.652866)",41.925051000000003,-87.652866000000003,Fullerton,41220,3719544,1182831,0.681995696246637,2536713
35,34,30149,N,Lawrence (Howard-bound),Lawrence,Lawrence (Red Line),40770,False,True,False,False,False,False,False,False,False,False,"(41.969139, -87.658493)",41.969138999999998,-87.658493000000007,Lawrence,40770,975396,340496,0.650915115501806,634900
36,35,30158,W,Illinois Medical District (Forest Pk-bound),Illinois Medical District,Illinois Medical District (Blue Line),40810,True,False,True,False,False,False,False,False,False,False,"(41.875706, -87.673932)",41.875706000000001,-87.673931999999994,Medical Center,40810,789209,318659,0.596229896009802,470550
37,36,30290,S,Lake (95th-bound),Lake,Lake (Red Line),41660,True,True,False,False,False,False,False,False,False,False,"(41.884809, -87.627813)",41.884808999999997,-87.627813000000003,Lake/State,41660,6450839,1902945,0.705008139251344,4547894
38,37,30047,S,79th (95th-bound),79th,79th (Red Line),40240,True,True,False,False,False,False,False,False,False,False,"(41.750419, -87.625112)",41.750419000000001,-87.625112000000001,79th,40240,1975866,972675,0.507722183589373,1003191
39,38,30243,E,Austin (63rd-bound),Austin,Austin (Green Line),41260,False,False,False,True,False,False,False,False,False,False,"(41.887293, -87.774135)",41.887293000000000,-87.774135000000001,Austin-Lake,41260,528164,236413,0.552387137328557,291751
40,39,30084,E,Clinton (O'Hare-bound),Clinton,Clinton (Blue Line),40430,False,False,True,False,False,False,False,False,False,False,"(41.875539, -87.640984)",41.875539000000003,-87.640984000000003,Clinton-Forest Park,40430,980480,318872,0.674779699738903,661608
41,40,30231,N,Wellington (Kimball-Linden-bound),Wellington,Wellington (Brown & Purple lines),41210,True,False,False,False,True,False,True,False,False,False,"(41.936033, -87.653266)",41.936033000000002,-87.653266000000002,Wellington,41210,899123,288545,0.679081727416605,610578
42,41,30175,N,"Howard (Linden, Skokie-bound)",Howard,"Howard (Red, Purple & Yellow lines)",40900,True,False,False,False,False,True,True,True,False,False,"(42.019063, -87.672892)",42.019063000000003,-87.672892000000004,Howard,40900,1650809,762300,0.538226408990986,888509
43,42,30263,E,Oak Park (63rd-bound),Oak Park,Oak Park (Green Line),41350,False,False,False,True,False,False,False,False,False,False,"(41.886988, -87.793783)",41.886988000000002,-87.793783000000005,Oak Park-Lake,41350,463379,140625,0.696522716825752,322754
44,43,30130,S,Western (O'Hare Branch) (Forest Pk-bound),Western,Western (Blue Line - O'Hare Branch),40670,True,False,True,False,False,False,False,False,False,False,"(41.916157, -87.687364)",41.916156999999998,-87.687364000000002,Western/Milwaukee,40670,1649428,509566,0.691065023753689,1139862
45,44,30268,S,Bryn Mawr (95th-bound),Bryn Mawr,Bryn Mawr (Red Line),41380,False,True,False,False,False,False,False,False,False,False,"(41.983504, -87.65884)",41.983504000000003,-87.658839999999998,Bryn Mawr,41380,1390206,474348,0.658793013409523,915858
46,45,30279,N,Chicago (Howard-bound),Chicago,Chicago (Red Line),41450,True,True,False,False,False,False,False,False,False,False,"(41.896671, -87.628176)",41.896670999999998,-87.628175999999996,Chicago/State,41450,4501851,1409684,0.686865691467799,3092167
47,46,30155,N,Sedgwick (Kimball-Linden-bound),Sedgwick,Sedgwick (Brown & Purple lines),40800,True,False,False,False,True,False,True,False,False,False,"(41.910409, -87.639302)",41.910409000000001,-87.639302000000001,Sedgwick,40800,1160257,363329,0.686854722703677,796928
48,47,30239,N,Addison (O'Hare-bound),Addison,Addison (Blue Line),41240,True,False,True,False,False,False,False,False,False,False,"(41.94738, -87.71906)",41.947380000000003,-87.719059999999999,Addison-O'Hare,41240,872016,299410,0.656646208326453,572606
49,48,30288,S,Montrose (Loop-bound),Montrose,Montrose (Brown Line),41500,True,False,False,False,True,False,False,False,False,False,"(41.961756, -87.675047)",41.961756000000001,-87.675047000000006,Montrose-Brown,41500,793566,255709,0.677772233185393,537857
50,49,30015,S,Jackson/Dearborn (Forest Pk-bound),Jackson,Jackson (Blue Line),40070,True,False,True,False,False,False,False,False,False,False,"(41.878183, -87.629296)",41.878183000000000,-87.629295999999997,Jackson/Dearborn,40070,2031329,619097,0.695225637993648,1412232
51,50,30202,W,Kedzie (54th/Cermak-bound),Kedzie,Kedzie (Pink Line),41040,True,False,False,False,False,False,False,False,True,False,"(41.853964, -87.705408)",41.853963999999998,-87.705408000000006,Kedzie-Cermak,41040,325089,148445,0.543371199886800,176644
52,51,30154,S,Monroe (Forest Pk-bound),Monroe,Monroe (Blue Line),40790,False,False,True,False,False,False,False,False,False,False,"(41.880703, -87.629378)",41.880702999999997,-87.629378000000003,Monroe/Dearborn,40790,2268194,606695,0.732520675039260,1661499
53,52,30195,N,Rockwell (Kimball-bound),Rockwell,Rockwell (Brown Line),41010,True,False,False,False,True,False,False,False,False,False,"(41.966115, -87.6941)",41.966115000000002,-87.694100000000006,Rockwell,41010,532671,164282,0.691588241146974,368389
54,53,30041,W,Damen (54th/Cermak-bound),Damen,Damen (Pink Line),40210,True,False,False,False,False,False,False,False,True,False,"(41.854517, -87.675975)",41.854517000000001,-87.675974999999994,Damen-Cermak,40210,463277,191722,0.586161195138114,271555
55,54,30180,W,Pulaski (Forest Pk-bound),Pulaski,Pulaski (Blue Line),40920,False,False,True,False,False,False,False,False,False,False,"(41.873797, -87.725663)",41.873797000000003,-87.725662999999997,Pulaski-Forest Park,40920,570897,355829,0.376719443262095,215068
56,55,30101,N,Foster (Linden-bound),Foster,Foster (Purple Line),40520,False,False,False,False,False,True,True,False,False,False,"(42.05416, -87.68356)",42.054160000000003,-87.683560000000000,Foster,40520,252742,79320,0.686162173283427,173422
57,56,30004,W,Harlem (Terminal arrival),Harlem/Lake,Harlem/Lake (Green Line),40020,True,False,False,True,False,False,False,False,False,False,"(41.886848, -87.803176)",41.886848000000001,-87.803175999999993,Harlem-Lake,40020,1101813,489376,0.555844775837642,612437
58,57,30384,S,Washington/Wabash (Inner Loop),Washington/Wabash,"Washington/Wabash (Brown, Green, Orange, Purple & Pink lines)",41700,True,False,False,True,False,False,True,False,True,True,"(41.88322, -87.626189)",41.883220000000001,-87.626188999999997,Washington/Wabash,41700,3126070,1082287,0.653786703432745,2043783
59,58,30266,W,California (Harlem-bound),California,California (Green Line),41360,True,False,False,True,False,False,False,False,False,False,"(41.88422, -87.696234)",41.884219999999999,-87.696234000000004,California-Lake,41360,306794,147694,0.518589020645775,159100
60,59,30021,S,Morse (95th-bound),Morse,Morse (Red Line),40100,False,True,False,False,False,False,False,False,False,False,"(42.008362, -87.665909)",42.008361999999998,-87.665908999999999,Morse,40100,1387878,551071,0.602939883765000,836807
61,60,30060,N,Western (Loop-bound),Western,Western (Orange Line),40310,True,False,False,False,False,False,False,False,False,True,"(41.804546, -87.684019)",41.804546000000002,-87.684019000000006,Western-Orange,40310,1089224,466470,0.571740982571078,622754
62,61,30096,S,Grand/Milwaukee (Forest Pk-bound),Grand,Grand (Blue Line),40490,False,False,True,False,False,False,False,False,False,False,"(41.891189, -87.647578)",41.891188999999997,-87.647577999999996,Grand/Milwaukee,40490,865718,272357,0.685397554399932,593361
63,62,30375,N,Clark/Lake (O'Hare-bound),Clark/Lake,"Clark/Lake (Blue, Brown, Green, Orange, Purple & Pink lines)",40380,True,False,True,False,False,False,False,False,False,False,"(41.885737, -87.630886)",41.885736999999999,-87.630886000000004,Clark/Lake,40380,5830767,1648674,0.717245775727276,4182093
64,63,30095,N,Grand/Milwaukee (O'Hare-bound),Grand,Grand (Blue Line),40490,False,False,True,False,False,False,False,False,False,False,"(41.891189, -87.647578)",41.891188999999997,-87.647577999999996,Grand/Milwaukee,40490,865718,272357,0.685397554399932,593361
65,64,30062,N,Division (O'Hare-bound),Division,Division (Blue Line),40320,False,False,True,False,False,False,False,False,False,False,"(41.903355, -87.666496)",41.903354999999998,-87.666495999999995,Division/Milwaukee,40320,1735843,546368,0.685243423512380,1189475
66,65,30185,N,Pulaski (Loop-bound),Pulaski,Pulaski (Orange Line),40960,True,False,False,False,False,False,False,False,False,True,"(41.799756, -87.724493)",41.799756000000002,-87.724492999999995,Pulaski-Orange,40960,1465594,568830,0.611877504957035,896764
67,66,30161,E,18th (Loop-bound),18th,18th (Pink Line),40830,True,False,False,False,False,False,False,False,True,False,"(41.857908, -87.669147)",41.857908000000002,-87.669146999999995,18th,40830,550089,225878,0.589379173188339,324211
68,67,30293,N,Sheridan (Howard-Linden-bound),Sheridan,Sheridan (Red Line),40080,False,False,False,False,False,False,False,False,False,False,"(41.953775, -87.654929)",41.953775000000000,-87.654928999999996,Sheridan,40080,1503864,496168,0.670071229845252,1007696
69,68,30272,S,Chicago (Forest Pk-bound),Chicago,Chicago (Blue Line),41410,False,False,True,False,False,False,False,False,False,False,"(41.896075, -87.655214)",41.896075000000003,-87.655214000000001,Chicago/Milwaukee,41410,1182468,353976,0.700646444554948,828492
70,69,30090,N,Merchandise Mart (Kimball-Linden-bound),Merchandise Mart,Merchandise Mart (Brown & Purple lines),40460,True,False,False,False,True,False,True,False,False,False,"(41.888969, -87.633924)",41.888969000000003,-87.633923999999993,Merchandise Mart,40460,2237817,580038,0.740801861814438,1657779
71,70,30061,S,Western (Midway-bound),Western,Western (Orange Line),40310,True,False,False,False,False,False,False,False,False,True,"(41.804546, -87.684019)",41.804546000000002,-87.684019000000006,Western-Orange,40310,1089224,466470,0.571740982571078,622754
72,71,30171,N,O'Hare (Terminal Arrival),O'Hare,O'Hare (Blue Line),40890,True,False,True,False,False,False,False,False,False,False,"(41.97766526, -87.90422307)",41.977665260000002,-87.904223070000000,O'Hare Airport,40890,3811167,1355724,0.644275887149527,2455443
73,72,30245,N,43rd (Harlem-bound),43rd,43rd (Green Line),41270,True,False,False,True,False,False,False,False,False,False,"(41.816462, -87.619021)",41.816462000000001,-87.619021000000004,43rd,41270,285416,131847,0.538053227569583,153569
74,73,30093,W,Racine (Forest Pk-bound),Racine,Racine (Blue Line),40470,False,False,True,False,False,False,False,False,False,False,"(41.87592, -87.659458)",41.875920000000001,-87.659458000000001,Racine,40470,622690,196114,0.685053557950184,426576
75,74,30265,E,California (63rd-bound),California,California (Green Line),41360,True,False,False,True,False,False,False,False,False,False,"(41.88422, -87.696234)",41.884219999999999,-87.696234000000004,California-Lake,41360,306794,147694,0.518589020645775,159100
76,75,30063,S,Division (Forest Pk-bound),Division,Division (Blue Line),40320,False,False,True,False,False,False,False,False,False,False,"(41.903355, -87.666496)",41.903354999999998,-87.666495999999995,Division/Milwaukee,40320,1735843,546368,0.685243423512380,1189475
77,76,30036,N,Sox-35th (Howard-bound),Sox-35th,Sox-35th (Red Line),40190,True,True,False,False,False,False,False,False,False,False,"(41.831191, -87.630636)",41.831190999999997,-87.630635999999996,Sox-35th-Dan Ryan,40190,1391119,447543,0.678285610361155,943576
78,77,30083,W,Cicero (54th/Cermak-bound),Cicero,Cicero (Pink Line),40420,True,False,False,False,False,False,False,False,True,False,"(41.85182, -87.745336)",41.851819999999996,-87.745335999999995,Cicero-Cermak,40420,368061,195413,0.469074419729338,172648
79,78,30198,S,Logan Square (Forest Pk-bound),Logan Square,Logan Square (Blue Line),41020,True,False,True,False,False,False,False,False,False,False,"(41.929728, -87.708541)",41.929727999999997,-87.708540999999997,Logan Square,41020,2261714,700242,0.690393215057253,1561472
80,79,30020,N,Morse (Howard-bound),Morse,Morse (Red Line),40100,False,True,False,False,False,False,False,False,False,False,"(42.008362, -87.665909)",42.008361999999998,-87.665908999999999,Morse,40100,1387878,551071,0.602939883765000,836807
81,80,30115,N,Damen/Milwaukee (O'Hare-bound),Damen,Damen (Blue Line),40590,False,False,True,False,False,False,False,False,False,False,"(41.909744, -87.677437)",41.909744000000003,-87.677436999999998,Damen/Milwaukee,40590,2023150,582967,0.711851815238613,1440183
82,81,30156,S,Sedgwick (Loop-bound),Sedgwick,Sedgwick (Brown & Purple lines),40800,True,False,False,False,True,False,True,False,False,False,"(41.910409, -87.639302)",41.910409000000001,-87.639302000000001,Sedgwick,40800,1160257,363329,0.686854722703677,796928
83,82,30240,S,Addison (Forest Pk-bound),Addison,Addison (Blue Line),41240,True,False,True,False,False,False,False,False,False,False,"(41.94738, -87.71906)",41.947380000000003,-87.719059999999999,Addison-O'Hare,41240,872016,299410,0.656646208326453,572606
84,83,30032,E,Ashland (Loop-63rd-bound),Ashland,Ashland (Green & Pink lines),40170,True,False,False,True,False,False,False,False,True,False,"(41.885269, -87.666969)",41.885269000000001,-87.666968999999995,Ashland-Lake,40170,745065,300664,0.596459369316771,444401
85,84,30108,S,Irving Park (O'Hare Branch) (Forest Pk-bound),Irving Park,Irving Park (Blue Line),40550,False,False,True,False,False,False,False,False,False,False,"(41.952925, -87.729229)",41.952925000000000,-87.729229000000004,Irving Park-O'Hare,40550,1283807,496125,0.613551725454060,787682
86,85,30386,N,Wilson (Linden-bound),Wilson,Wilson (Red & Purple lines),40540,True,False,False,False,False,False,True,False,False,False,"(41.964273, -87.657588)",41.964272999999999,-87.657588000000004,Wilson,40540,2043387,857136,0.580531734810880,1186251
87,86,30193,N,Cermak-Chinatown (Howard-bound),Cermak-Chinatown,Cermak-Chinatown (Red Line),41000,True,True,False,False,False,False,False,False,False,False,"(41.853206, -87.630968)",41.853206000000000,-87.630967999999996,Cermak-Chinatown,41000,1456259,444746,0.694596908928975,1011513
88,87,30262,W,LaSalle (Forest Pk-bound),LaSalle,LaSalle (Blue Line),41340,False,False,True,False,False,False,False,False,False,False,"(41.875568, -87.631722)",41.875568000000001,-87.631721999999996,LaSalle,41340,873340,266598,0.694737444752330,606742
89,88,30169,N,Thorndale (Howard-bound),Thorndale,Thorndale (Red Line),40880,False,True,False,False,False,False,False,False,False,False,"(41.990259, -87.659076)",41.990259000000002,-87.659075999999999,Thorndale,40880,930062,307788,0.669067223475424,622274
90,89,30046,N,79th (Howard-bound),79th,79th (Red Line),40240,True,True,False,False,False,False,False,False,False,False,"(41.750419, -87.625112)",41.750419000000001,-87.625112000000001,79th,40240,1975866,972675,0.507722183589373,1003191
91,90,30147,N,Granville (Howard-bound),Granville,Granville (Red Line),40760,True,True,False,False,False,False,False,False,False,False,"(41.993664, -87.659202)",41.993664000000003,-87.659201999999993,Granville,40760,1201804,397034,0.669634982076944,804770
92,91,30014,N,Jackson/Dearborn (O'Hare-bound),Jackson,Jackson (Blue Line),40070,True,False,True,False,False,False,False,False,False,False,"(41.878183, -87.629296)",41.878183000000000,-87.629295999999997,Jackson/Dearborn,40070,2031329,619097,0.695225637993648,1412232
93,92,30274,S,Addison (95th-bound),Addison,Addison (Red Line),41420,True,True,False,False,False,False,False,False,False,False,"(41.947428, -87.653626)",41.947428000000002,-87.653626000000003,Addison-North Main,41420,2597371,639529,0.753778339713503,1957842
94,93,30085,W,Clinton (Forest Pk-bound),Clinton,Clinton (Blue Line),40430,False,False,True,False,False,False,False,False,False,False,"(41.875539, -87.640984)",41.875539000000003,-87.640984000000003,Clinton-Forest Park,40430,980480,318872,0.674779699738903,661608
95,94,30264,W,Oak Park (Harlem-bound),Oak Park,Oak Park (Green Line),41350,False,False,False,True,False,False,False,False,False,False,"(41.886988, -87.793783)",41.886988000000002,-87.793783000000005,Oak Park-Lake,41350,463379,140625,0.696522716825752,322754
96,95,30196,S,Rockwell (Loop-bound),Rockwell,Rockwell (Brown Line),41010,True,False,False,False,True,False,False,False,False,False,"(41.966115, -87.6941)",41.966115000000002,-87.694100000000006,Rockwell,41010,532671,164282,0.691588241146974,368389
97,96,30150,S,Lawrence (95th-bound),Lawrence,Lawrence (Red Line),40770,False,True,False,False,False,False,False,False,False,False,"(41.969139, -87.658493)",41.969138999999998,-87.658493000000007,Lawrence,40770,975396,340496,0.650915115501806,634900
98,97,30054,E,Central (63rd-bound),Central,Central (Green Line),40280,True,False,False,True,False,False,False,False,False,False,"(41.887389, -87.76565)",41.887388999999999,-87.765649999999994,Central-Lake,40280,592649,317326,0.464563341876895,275323
99,98,30292,W,Conservatory (Harlem-bound),Conservatory,Conservatory (Green Line),41670,True,False,False,True,False,False,False,False,False,False,"(41.884904, -87.716523)",41.884903999999999,-87.716522999999995,Conservatory,41670,278726,168271,0.396285240702339,110455
100,99,30232,S,Wellington (Loop-bound),Wellington,Wellington (Brown & Purple lines),41210,True,False,False,False,True,False,True,False,False,False,"(41.936033, -87.653266)",41.936033000000002,-87.653266000000002,Wellington,41210,899123,288545,0.679081727416605,610578
101,100,30078,N,Noyes (Linden-bound),Noyes,Noyes (Purple Line),40400,False,False,False,False,False,True,True,False,False,False,"(42.058282, -87.683337)",42.058281999999998,-87.683336999999995,Noyes,40400,276037,85834,0.689048931846093,190203
102,101,30157,E,Illinois Medical District (O'Hare-bound),Illinois Medical District,Illinois Medical District (Blue Line),40810,True,False,True,False,False,False,False,False,False,False,"(41.875706, -87.673932)",41.875706000000001,-87.673931999999994,Medical Center,40810,789209,318659,0.596229896009802,470550
103,102,30209,N,47th (Harlem-bound),47th,47th (Green Line),41080,True,False,False,True,False,False,False,False,False,False,"(41.809209, -87.618826)",41.809209000000003,-87.618825999999999,47th-South Elevated,41080,314977,146401,0.535200982928912,168576
104,103,30289,N,Lake (Howard-bound),Lake,Lake (Red Line),41660,True,True,False,False,False,False,False,False,False,False,"(41.884809, -87.627813)",41.884808999999997,-87.627813000000003,Lake/State,41660,6450839,1902945,0.705008139251344,4547894
105,104,30257,N,Belmont (Kimball-Linden-bound),Belmont,"Belmont (Red, Brown & Purple lines)",41320,True,False,False,False,True,False,True,False,False,False,"(41.939751, -87.65338)",41.939751000000001,-87.653379999999999,Belmont-North Main,41320,3745165,1220771,0.674040796600417,2524394
106,105,30228,S,Jarvis (95th-bound),Jarvis,Jarvis (Red Line),41190,False,True,False,False,False,False,False,False,False,False,"(42.015876, -87.669092)",42.015875999999999,-87.669092000000006,Jarvis,41190,479462,198890,0.585180890247819,280572
107,106,30216,S,Halsted (Midway-bound),Halsted,Halsted (Orange Line),41130,True,False,False,False,False,False,False,False,False,True,"(41.84678, -87.648088)",41.846780000000003,-87.648088000000001,Halsted-Orange,41130,766196,275368,0.640603709755728,490828
108,107,30011,S,Davis (Howard-Loop-bound),Davis,Davis (Purple Line),40050,True,False,False,False,False,True,True,False,False,False,"(42.04771, -87.683543)",42.047710000000002,-87.683543000000000,Davis,40050,1091440,393596,0.639379168804515,697844
109,108,30270,S,Roosevelt (95th-bound),Roosevelt,"Roosevelt (Red, Orange & Green lines)",41400,True,True,False,False,False,False,False,False,False,False,"(41.867368, -87.627402)",41.867367999999999,-87.627402000000004,Roosevelt,41400,3466910,1313925,0.621009775275389,2152985
110,109,30233,N,Fullerton (Howard-bound),Fullerton,"Fullerton (Red, Brown & Purple lines)",41220,True,True,False,False,False,False,False,False,False,False,"(41.925051, -87.652866)",41.925051000000003,-87.652866000000003,Fullerton,41220,3719544,1182831,0.681995696246637,2536713
111,110,30079,S,Noyes (Howard-Loop-bound),Noyes,Noyes (Purple Line),40400,False,False,False,False,False,True,True,False,False,False,"(42.058282, -87.683337)",42.058281999999998,-87.683336999999995,Noyes,40400,276037,85834,0.689048931846093,190203
112,111,30137,N,Chicago (Kimball-Linden-bound),Chicago,Chicago (Brown & Purple lines),40710,True,False,False,False,True,False,True,False,False,False,"(41.89681, -87.635924)",41.896810000000002,-87.635924000000003,Chicago/Franklin,40710,1993375,666784,0.665499968646140,1326591
113,112,30261,E,LaSalle (O'Hare-bound),LaSalle,LaSalle (Blue Line),41340,False,False,True,False,False,False,False,False,False,False,"(41.875568, -87.631722)",41.875568000000001,-87.631721999999996,LaSalle,41340,873340,266598,0.694737444752330,606742
114,113,30211,N,Monroe (Howard-bound),Monroe,Monroe (Red Line),41090,False,True,False,False,False,False,False,False,False,False,"(41.880745, -87.627696)",41.880744999999997,-87.627696000000000,Monroe/State,41090,2900809,777831,0.731857216383430,2122978
115,114,30291,E,Conservatory (63rd-bound),Conservatory,Conservatory (Green Line),41670,True,False,False,True,False,False,False,False,False,False,"(41.884904, -87.716523)",41.884903999999999,-87.716522999999995,Conservatory,41670,278726,168271,0.396285240702339,110455
116,115,30225,N,Kedzie (Kimball-bound),Kedzie,Kedzie (Brown Line),41180,True,False,False,False,True,False,False,False,False,False,"(41.965996, -87.708821)",41.965995999999997,-87.708821000000000,Kedzie-Brown,41180,617967,245921,0.602048329441540,372046
117,116,30024,N,51st (Harlem-bound),51st,51st (Green Line),40130,True,False,False,True,False,False,False,False,False,False,"(41.80209, -87.618487)",41.802090000000000,-87.618487000000002,51st,40130,288107,131619,0.543159312338819,156488
118,117,30099,N,Garfield (Harlem-bound),Garfield,Garfield (Green Line),40510,True,False,False,True,False,False,False,False,False,False,"(41.795172, -87.618327)",41.795172000000001,-87.618326999999994,Garfield-South Elevated,40510,323197,146905,0.545462983876707,176292
119,118,30206,S,Ashland (Midway-bound),Ashland,Ashland (Orange Line),41060,True,False,False,False,False,False,False,False,False,True,"(41.839234, -87.665317)",41.839233999999998,-87.665317000000002,Ashland-Orange,41060,478166,221502,0.536767566075380,256664
120,119,30064,N,Grand/State (Howard-bound),Grand,Grand (Red Line),40330,True,True,False,False,False,False,False,False,False,False,"(41.891665, -87.628021)",41.891665000000003,-87.628021000000004,Grand/State,40330,3780031,1009625,0.732905629609916,2770406
121,120,30381,N,Cermak-McCormick Place (Harlem-bound),Cermak-McCormick Place,Cermak-McCormick Place (Green Line),41690,True,False,False,True,False,False,False,False,False,False,"(41.853115, -87.626402)",41.853115000000003,-87.626401999999999,Cermak-McCormick Place,41690,564724,192657,0.658847507809124,372067
122,121,30100,S,Garfield (63rd-bound),Garfield,Garfield (Green Line),40510,True,False,False,True,False,False,False,False,False,False,"(41.795172, -87.618327)",41.795172000000001,-87.618326999999994,Garfield-South Elevated,40510,323197,146905,0.545462983876707,176292
123,122,30200,W,Polk (54th/Cermak-bound),Polk,Polk (Pink Line),41030,True,False,False,False,False,False,False,False,True,False,"(41.871551, -87.66953)",41.871550999999997,-87.669529999999995,Polk,41030,869191,373443,0.570355652555077,495748
124,123,30018,N,Damen (Kimball-bound),Damen,Damen (Brown Line),40090,True,False,False,False,True,False,False,False,False,False,"(41.966286, -87.678639)",41.966285999999997,-87.678639000000004,Damen-Brown,40090,838273,258662,0.691434651957059,579611
125,124,30029,W,Pulaski (54th/Cermak-bound),Pulaski,Pulaski (Pink Line),40150,True,False,False,False,False,False,False,False,True,False,"(41.853732, -87.724311)",41.853732000000001,-87.724311000000000,Pulaski-Cermak,40150,328422,175044,0.467014998995195,153378
126,125,30022,N,35th/Archer (Loop-bound),35th/Archer,35th/Archer (Orange Line),40120,True,False,False,False,False,False,False,False,False,True,"(41.829353, -87.680622)",41.829352999999998,-87.680622000000000,35th/Archer,40120,896292,326259,0.635990279953408,570033
127,126,30164,S,South Blvd (Howard-Loop-bound),South Boulevard,South Boulevard (Purple Line),40840,False,False,False,False,False,True,True,False,False,False,"(42.027612, -87.678329)",42.027611999999998,-87.678329000000005,South Boulevard,40840,232812,90922,0.609461711595622,141890
128,127,30052,N,Main (Linden-bound),Main,Main (Purple Line),40270,False,False,False,False,False,True,True,False,False,False,"(42.033456, -87.679538)",42.033456000000001,-87.679537999999994,Main,40270,358222,126017,0.648215352490913,232205
129,128,30106,S,Wilson (95th-bound),Wilson,Wilson (Red & Purple lines),40540,True,True,False,False,False,False,False,False,False,False,"(41.964273, -87.657588)",41.964272999999999,-87.657588000000004,Wilson,40540,2043387,857136,0.580531734810880,1186251
130,129,30110,S,Jackson/State (95th-bound),Jackson,Jackson (Red Line),40560,True,True,False,False,False,False,False,False,False,False,"(41.878153, -87.627596)",41.878152999999998,-87.627595999999997,Jackson/State,40560,2601587,769130,0.704361222592210,1832457
131,130,30273,N,Addison (Howard-bound),Addison,Addison (Red Line),41420,True,True,False,False,False,False,False,False,False,False,"(41.947428, -87.653626)",41.947428000000002,-87.653626000000003,Addison-North Main,41420,2597371,639529,0.753778339713503,1957842
132,131,30229,N,Argyle (Howard-bound),Argyle,Argyle (Red Line),41200,False,True,False,False,False,False,False,False,False,False,"(41.973453, -87.65853)",41.973452999999999,-87.658529999999999,Argyle,41200,970130,367329,0.621361054704009,602801
133,132,30165,E,H.W. Library (Outer Loop),Harold Washington Library-State/Van Buren,"Harold Washington Library-State/Van Buren (Brown, Orange, Purple & Pink lines)",40850,True,False,False,False,True,False,False,False,False,False,"(41.876862, -87.628196)",41.876862000000003,-87.628196000000003,Library,40850,1077009,376074,0.650816288443272,700935
134,133,30016,N,Sheridan (Howard-bound),Sheridan,Sheridan (Red Line),40080,False,True,False,False,False,False,False,False,False,False,"(41.953775, -87.654929)",41.953775000000000,-87.654928999999996,Sheridan,40080,1503864,496168,0.670071229845252,1007696
135,134,30001,E,Austin (O'Hare-bound),Austin,Austin (Blue Line),40010,False,False,True,False,False,False,False,False,False,False,"(41.870851, -87.776812)",41.870851000000002,-87.776812000000007,Austin-Forest Park,40010,543533,207693,0.617883366787297,335840
136,135,30107,N,Irving Park (O'Hare Branch) (O'Hare-bound),Irving Park,Irving Park (Blue Line),40550,False,False,True,False,False,False,False,False,False,False,"(41.952925, -87.729229)",41.952925000000000,-87.729229000000004,Irving Park-O'Hare,40550,1283807,496125,0.613551725454060,787682
137,136,30072,N,Washington (O'Hare-bound),Washington,Washington (Blue Line),40370,False,False,True,False,False,False,False,False,False,False,"(41.883164, -87.62944)",41.883164000000001,-87.629440000000002,Washington/Dearborn,40370,4176948,1195974,0.713672758195697,2980974
138,137,30055,W,Central (Harlem-bound),Central,Central (Green Line),40280,True,False,False,True,False,False,False,False,False,False,"(41.887389, -87.76565)",41.887388999999999,-87.765649999999994,Central-Lake,40280,592649,317326,0.464563341876895,275323
139,138,30048,E,Kedzie-Homan (O'Hare-bound),Kedzie-Homan,Kedzie-Homan (Blue Line),40250,True,False,True,False,False,False,False,False,False,False,"(41.874341, -87.70604)",41.874341000000001,-87.706040000000002,Kedzie-Homan-Forest Park,40250,581826,288462,0.504212599643192,293364
140,139,30385,S,Wilson (Loop-bound),Wilson,Wilson (Red & Purple lines),40540,True,False,False,False,False,False,True,False,False,False,"(41.964273, -87.657588)",41.964272999999999,-87.657588000000004,Wilson,40540,2043387,857136,0.580531734810880,1186251
141,140,30177,N,63rd (Howard-bound),63rd,63rd (Red Line),40910,True,True,False,False,False,False,False,False,False,False,"(41.780536, -87.630952)",41.780535999999998,-87.630951999999994,63rd-Dan Ryan,40910,937730,452870,0.517057148646199,484860
142,141,30166,W,H.W. Library (Inner Loop),Harold Washington Library-State/Van Buren,"Harold Washington Library-State/Van Buren (Brown, Orange, Purple & Pink lines)",40850,True,False,False,False,False,False,True,False,True,True,"(41.876862, -87.628196)",41.876862000000003,-87.628196000000003,Library,40850,1077009,376074,0.650816288443272,700935
143,142,30219,N,Kedzie (Loop-bound),Kedzie,Kedzie (Orange Line),41150,True,False,False,False,False,False,False,False,False,True,"(41.804236, -87.704406)",41.804236000000003,-87.704406000000006,Kedzie-Midway,41150,1009589,433671,0.570447974373730,575918
144,143,30135,E,Laramie (63rd-bound),Laramie,Laramie (Green Line),40700,True,False,False,True,False,False,False,False,False,False,"(41.887163, -87.754986)",41.887163000000001,-87.754986000000002,Laramie,40700,337121,169442,0.497385211837886,167679
145,144,30276,S,87th (95th-bound),87th,87th (Red Line),41430,True,True,False,False,False,False,False,False,False,False,"(41.735372, -87.624717)",41.735371999999998,-87.624717000000004,87th,41430,1186724,551680,0.535123583916732,635044
146,145,30002,W,Austin (Forest Pk-bound),Austin,Austin (Blue Line),40010,False,False,True,False,False,False,False,False,False,False,"(41.870851, -87.776812)",41.870851000000002,-87.776812000000007,Austin-Forest Park,40010,543533,207693,0.617883366787297,335840
147,146,30043,W,Western (Forest Pk Branch) (Forest Pk-bound),Western,Western (Blue Line - Forest Park Branch),40220,False,False,True,False,False,False,False,False,False,False,"(41.875478, -87.688436)",41.875478000000001,-87.688435999999996,Western-Forest Park,40220,494550,201721,0.592112021029218,292829
148,147,30283,N,Western (Kimball-bound),Western,Western (Brown Line),41480,True,False,False,False,True,False,False,False,False,False,"(41.966163, -87.688502)",41.966163000000002,-87.688502000000000,Western-Brown,41480,1258060,436879,0.652735958539338,821181
149,148,30111,N,California (O'Hare-bound),California,California (Blue Line),40570,False,False,True,False,False,False,False,False,False,False,"(41.921939, -87.69689)",41.921939000000002,-87.696889999999996,California/Milwaukee,40570,1702462,511205,0.699726043811844,1191257
150,149,30076,E,Forest Park (O'Hare-bound),Forest Park,Forest Park (Blue Line),40390,True,False,True,False,False,False,False,False,False,False,"(41.874257, -87.817318)",41.874257000000000,-87.817318000000000,Forest Park,40390,924239,402347,0.564672124850823,521892
151,150,30383,N,Washington/Wabash (Outer Loop),Washington/Wabash,"Washington/Wabash (Brown, Green, Orange, Purple & Pink lines)",41700,True,False,False,True,True,False,False,False,False,False,"(41.88322, -87.626189)",41.883220000000001,-87.626188999999997,Washington/Wabash,41700,3126070,1082287,0.653786703432745,2043783
152,151,30053,S,Main (Howard-Loop-bound),Main,Main (Purple Line),40270,False,False,False,False,False,True,True,False,False,False,"(42.033456, -87.679538)",42.033456000000001,-87.679537999999994,Main,40270,358222,126017,0.648215352490913,232205
153,152,30159,N,Rosemont (O'Hare-bound),Rosemont,Rosemont (Blue Line),40820,True,False,True,False,False,False,False,False,False,False,"(41.983507, -87.859388)",41.983507000000003,-87.859387999999996,Rosemont,40820,1968273,709783,0.639387930434447,1258490
154,153,30132,S,Adams/Wabash (Inner Loop),Adams/Wabash,"Adams/Wabash (Brown, Green, Orange, Pink & Purple lines)",40680,False,False,False,True,False,False,True,False,True,True,"(41.879507, -87.626037)",41.879506999999997,-87.626036999999997,Adams/Wabash,40680,2087483,636466,0.695103624795986,1451017
155,154,30194,S,Cermak-Chinatown (95th-bound),Cermak-Chinatown,Cermak-Chinatown (Red Line),41000,True,True,False,False,False,False,False,False,False,False,"(41.853206, -87.630968)",41.853206000000000,-87.630967999999996,Cermak-Chinatown,41000,1456259,444746,0.694596908928975,1011513
156,155,30025,S,51st (63rd-bound),51st,51st (Green Line),40130,True,False,False,True,False,False,False,False,False,False,"(41.80209, -87.618487)",41.802090000000000,-87.618487000000002,51st,40130,288107,131619,0.543159312338819,156488
157,156,30067,S,Berwyn (95th-bound),Berwyn,Berwyn (Red Line),40340,False,True,False,False,False,False,False,False,False,False,"(41.977984, -87.658668)",41.977983999999999,-87.658668000000006,Berwyn,40340,1013553,406530,0.598906026621203,607023
158,157,30145,N,Harlem (O'Hare Branch) (O'Hare-bound),Harlem,Harlem (Blue Line - O'Hare Branch),40750,True,False,True,False,False,False,False,False,False,False,"(41.98227, -87.8089)",41.982270000000000,-87.808899999999994,Harlem-O'Hare,40750,844876,313154,0.629349158929831,531722
159,158,30012,N,Belmont (O'Hare Branch) (O'Hare-bound),Belmont,Belmont (Blue Line),40060,False,False,True,False,False,False,False,False,False,False,"(41.938132, -87.712359)",41.938132000000003,-87.712359000000006,Belmont-O'Hare,40060,1460132,578140,0.604049496894801,881992
160,159,30199,E,Polk (Loop-bound),Polk,Polk (Pink Line),41030,True,False,False,False,False,False,False,False,True,False,"(41.871551, -87.66953)",41.871550999999997,-87.669529999999995,Polk,41030,869191,373443,0.570355652555077,495748
161,160,30049,W,Kedzie-Homan (Forest Pk-bound),Kedzie-Homan,Kedzie-Homan (Blue Line),40250,True,False,True,False,False,False,False,False,False,False,"(41.874341, -87.70604)",41.874341000000001,-87.706040000000002,Kedzie-Homan-Forest Park,40250,581826,288462,0.504212599643192,293364
162,161,30121,N,Clark/Division (Howard-bound),Clark/Division,Clark/Division (Red Line),40630,True,True,False,False,False,False,False,False,False,False,"(41.90392, -87.631412)",41.903919999999999,-87.631411999999997,Clark/Division,40630,2452981,836745,0.658886473233996,1616236
163,162,30059,S,Indiana (63rd-bound),Indiana,Indiana (Green Line),40300,True,False,False,True,False,False,False,False,False,False,"(41.821732, -87.621371)",41.821731999999997,-87.621370999999996,Indiana,40300,231963,99395,0.571504938287572,132568
164,163,30117,E,Kostner (Loop-bound),Kostner,Kostner (Pink Line),40600,True,False,False,False,False,False,False,False,True,False,"(41.853751, -87.733258)",41.853751000000003,-87.733258000000006,Kostner,40600,144034,69864,0.514947859533166,74170
165,164,30226,S,Kedzie (Loop-bound),Kedzie,Kedzie (Brown Line),41180,True,False,False,False,True,False,False,False,False,False,"(41.965996, -87.708821)",41.965995999999997,-87.708821000000000,Kedzie-Brown,41180,617967,245921,0.602048329441540,372046
166,165,30027,S,Dempster-Skokie (Howard-bound),Dempster-Skokie,Dempster-Skokie  (Yellow Line),40140,True,False,False,False,False,False,False,True,False,False,"(42.038951, -87.751919)",42.038950999999997,-87.751919000000001,Dempster-Skokie,40140,557333,183819,0.670181022835540,373514
167,166,30296,W,Morgan (Harlem-54th/Cermak-bound),Morgan,Morgan (Green & Pink lines),41510,True,False,False,True,False,False,False,False,True,False,"(41.885586, -87.652193)",41.885586000000004,-87.652192999999997,Morgan-Lake,41510,1105090,380747,0.655460641214743,724343
168,167,30170,S,Thorndale (95th-bound),Thorndale,Thorndale (Red Line),40880,False,True,False,False,False,False,False,False,False,False,"(41.990259, -87.659076)",41.990259000000002,-87.659075999999999,Thorndale,40880,930062,307788,0.669067223475424,622274
169,168,30187,E,Cicero (O'Hare-bound),Cicero,Cicero (Blue Line),40970,False,False,True,False,False,False,False,False,False,False,"(41.871574, -87.745154)",41.871574000000003,-87.745153999999999,Cicero-Forest Park,40970,408539,211816,0.481528079326576,196723
170,169,30297,N,Oakton-Skokie (Dempster-Skokie-bound),Oakton-Skokie,Oakton-Skokie (Yellow Line),41680,True,False,False,False,False,False,False,True,False,False,"(42.02624348, -87.74722084)",42.026243479999998,-87.747220839999997,Oakton-Skokie,41680,274960,100396,0.634870526622054,174564
171,170,30138,S,Chicago (Loop-bound),Chicago,Chicago (Brown & Purple lines),40710,True,False,False,False,True,False,True,False,False,False,"(41.89681, -87.635924)",41.896810000000002,-87.635924000000003,Chicago/Franklin,40710,1993375,666784,0.665499968646140,1326591
172,171,30246,S,43rd (63rd-bound),43rd,43rd (Green Line),41270,True,False,False,True,False,False,False,False,False,False,"(41.816462, -87.619021)",41.816462000000001,-87.619021000000004,43rd,41270,285416,131847,0.538053227569583,153569
173,172,30028,E,Pulaski (Loop-bound),Pulaski,Pulaski (Pink Line),40150,True,False,False,False,False,False,False,False,True,False,"(41.853732, -87.724311)",41.853732000000001,-87.724311000000000,Pulaski-Cermak,40150,328422,175044,0.467014998995195,153378
174,173,30033,W,Ashland (Harlem-54th/Cermak-bound),Ashland,Ashland (Green & Pink lines),40170,True,False,False,True,False,False,False,False,True,False,"(41.885269, -87.666969)",41.885269000000001,-87.666968999999995,Ashland-Lake,40170,745065,300664,0.596459369316771,444401
175,174,30140,W,Cottage Grove (Harlem-bound),Cottage Grove,Cottage Grove (Green Line),40720,True,False,False,True,False,False,False,False,False,False,"(41.780309, -87.605857)",41.780309000000003,-87.605857000000000,East 63rd-Cottage Grove,40720,302869,137986,0.544403686082102,164883
176,175,30037,S,Sox-35th (95th-bound),Sox-35th,Sox-35th (Red Line),40190,True,True,False,False,False,False,False,False,False,False,"(41.831191, -87.630636)",41.831190999999997,-87.630635999999996,Sox-35th-Dan Ryan,40190,1391119,447543,0.678285610361155,943576
177,176,30182,S,Midway (Arrival),Midway,Midway (Orange Line),40930,True,False,False,False,False,False,False,False,False,True,"(41.78661, -87.737875)",41.786610000000003,-87.737875000000003,Midway Airport,40930,2477340,861649,0.652187830495612,1615691
178,177,30116,S,Damen/Milwaukee (Forest Pk-bound),Damen,Damen (Blue Line),40590,False,False,True,False,False,False,False,False,False,False,"(41.909744, -87.677437)",41.909744000000003,-87.677436999999998,Damen/Milwaukee,40590,2023150,582967,0.711851815238613,1440183
179,178,30215,N,Halsted (Loop-bound),Halsted,Halsted (Orange Line),41130,True,False,False,False,False,False,False,False,False,True,"(41.84678, -87.648088)",41.846780000000003,-87.648088000000001,Halsted-Orange,41130,766196,275368,0.640603709755728,490828
180,179,30212,S,Monroe (95th-bound),Monroe,Monroe (Red Line),41090,False,True,False,False,False,False,False,False,False,False,"(41.880745, -87.627696)",41.880744999999997,-87.627696000000000,Monroe/State,41090,2900809,777831,0.731857216383430,2122978
181,180,30075,W,Clark/Lake (Outer Loop),Clark/Lake,"Clark/Lake (Blue, Brown, Green, Orange, Purple & Pink lines)",40380,True,False,False,True,True,False,False,False,False,False,"(41.885737, -87.630886)",41.885736999999999,-87.630886000000004,Clark/Lake,40380,5830767,1648674,0.717245775727276,4182093
182,181,30241,N,Central (Linden-bound),Central,Central (Purple Line),41250,False,False,False,False,False,True,True,False,False,False,"(42.063987, -87.685617)",42.063986999999997,-87.685616999999993,Central-Evanston,41250,243564,102620,0.578673367164277,140944
183,182,30005,E,Pulaski (63rd-bound),Pulaski,Pulaski (Green Line),40030,True,False,False,True,False,False,False,False,False,False,"(41.885412, -87.725404)",41.885412000000002,-87.725403999999997,Pulaski-Lake,40030,455496,234734,0.484662872999982,220762
184,183,30120,W,Ridgeland (Harlem-bound),Ridgeland,Ridgeland (Green Line),40610,False,False,False,True,False,False,False,False,False,False,"(41.887159, -87.783661)",41.887158999999997,-87.783660999999995,Ridgeland,40610,386792,122683,0.682819189641978,264109
185,184,30176,S,Howard (Terminal arrival),Howard,"Howard (Red, Purple & Yellow lines)",40900,True,False,False,False,False,True,True,True,False,False,"(42.019063, -87.672892)",42.019063000000003,-87.672892000000004,Howard,40900,1650809,762300,0.538226408990986,888509
186,185,30204,S,Linden (Howard-Loop-bound),Linden,Linden (Purple Line),41050,True,False,False,False,False,True,True,False,False,False,"(42.073153, -87.69073)",42.073152999999998,-87.690730000000002,Linden,41050,296321,89189,0.699012219856169,207132
187,186,30010,N,Davis (Linden-bound),Davis,Davis (Purple Line),40050,True,False,False,False,False,True,True,False,False,False,"(42.04771, -87.683543)",42.047710000000002,-87.683543000000000,Davis,40050,1091440,393596,0.639379168804515,697844
188,187,30223,N,Garfield (Howard-bound),Garfield,Garfield (Red Line),41170,True,True,False,False,False,False,False,False,False,False,"(41.79542, -87.631157)",41.795420000000000,-87.631157000000002,Garfield-Dan Ryan,41170,940726,424323,0.548940924349917,516403
189,188,30073,S,Washington (Forest Pk-bound),Washington,Washington (Blue Line),40370,False,False,True,False,False,False,False,False,False,False,"(41.883164, -87.62944)",41.883164000000001,-87.629440000000002,Washington/Dearborn,40370,4176948,1195974,0.713672758195697,2980974
190,189,30126,S,North/Clybourn (95th-bound),North/Clybourn,North/Clybourn (Red Line),40650,False,True,False,False,False,False,False,False,False,False,"(41.910655, -87.649177)",41.910654999999998,-87.649176999999995,North/Clybourn,40650,1780616,609284,0.657824033929831,1171332
191,190,30065,S,Grand/State (95th-bound),Grand,Grand (Red Line),40330,True,True,False,False,False,False,False,False,False,False,"(41.891665, -87.628021)",41.891665000000003,-87.628021000000004,Grand/State,40330,3780031,1009625,0.732905629609916,2770406
192,191,30105,N,Wilson (Howard-bound),Wilson,Wilson (Red & Purple lines),40540,True,True,False,False,False,False,False,False,False,False,"(41.964273, -87.657588)",41.964272999999999,-87.657588000000004,Wilson,40540,2043387,857136,0.580531734810880,1186251
193,192,30035,W,Oak Park (Forest Pk-bound),Oak Park,Oak Park (Blue Line),40180,False,False,True,False,False,False,False,False,False,False,"(41.872108, -87.791602)",41.872107999999997,-87.791601999999997,Oak Park-Forest Park,40180,504438,151589,0.699489332683105,352849
194,193,30023,S,35th/Archer (Midway-bound),35th/Archer,35th/Archer (Orange Line),40120,True,False,False,False,False,False,False,False,False,True,"(41.829353, -87.680622)",41.829352999999998,-87.680622000000000,35th/Archer,40120,896292,326259,0.635990279953408,570033
195,194,30163,N,South Blvd (Linden-bound),South Boulevard,South Boulevard (Purple Line),40840,False,False,False,False,False,True,True,False,False,False,"(42.027612, -87.678329)",42.027611999999998,-87.678329000000005,South Boulevard,40840,232812,90922,0.609461711595622,141890
196,195,30006,W,Pulaski (Harlem-bound),Pulaski,Pulaski (Green Line),40030,True,False,False,True,False,False,False,False,False,False,"(41.885412, -87.725404)",41.885412000000002,-87.725403999999997,Pulaski-Lake,40030,455496,234734,0.484662872999982,220762
197,196,30188,W,Cicero (Forest Pk-bound),Cicero,Cicero (Blue Line),40970,False,False,True,False,False,False,False,False,False,False,"(41.871574, -87.745154)",41.871574000000003,-87.745153999999999,Cicero-Forest Park,40970,408539,211816,0.481528079326576,196723
198,197,30109,N,Jackson/State (Howard-bound),Jackson,Jackson (Red Line),40560,True,True,False,False,False,False,False,False,False,False,"(41.878153, -87.627596)",41.878152999999998,-87.627595999999997,Jackson/State,40560,2601587,769130,0.704361222592210,1832457
199,198,30230,S,Argyle (95th-bound),Argyle,Argyle (Red Line),41200,False,True,False,False,False,False,False,False,False,False,"(41.973453, -87.65853)",41.973452999999999,-87.658529999999999,Argyle,41200,970130,367329,0.621361054704009,602801
200,199,30281,N,Irving Park (Kimball-bound),Irving Park,Irving Park (Brown Line),41460,True,False,False,False,True,False,False,False,False,False,"(41.954521, -87.674868)",41.954521000000000,-87.674868000000004,Irving Park-Brown,41460,947338,281442,0.702912793533037,665896
201,200,30080,N,Roosevelt (Loop-Harlem-bound),Roosevelt,"Roosevelt (Red, Orange & Green lines)",41400,True,False,False,True,False,False,False,False,False,True,"(41.867405, -87.62659)",41.867404999999998,-87.626589999999993,Roosevelt,41400,3466910,1313925,0.621009775275389,2152985
202,201,30181,N,Midway (Loop-bound),Midway,Midway (Orange Line),40930,True,False,False,False,False,False,False,False,False,True,"(41.78661, -87.737875)",41.786610000000003,-87.737875000000003,Midway Airport,40930,2477340,861649,0.652187830495612,1615691
203,202,30026,N,Dempster-Skokie (Arrival),Dempster-Skokie,Dempster-Skokie  (Yellow Line),40140,True,False,False,False,False,False,False,True,False,False,"(42.038951, -87.751919)",42.038950999999997,-87.751919000000001,Dempster-Skokie,40140,557333,183819,0.670181022835540,373514
204,203,30167,N,Francisco (Kimball-bound),Francisco,Francisco (Brown Line),40870,True,False,False,False,True,False,False,False,False,False,"(41.966046, -87.701644)",41.966045999999999,-87.701644000000002,Francisco,40870,489000,159792,0.673226993865031,329208
205,204,30030,E,LaSalle/Van Buren (Outer Loop),LaSalle/Van Buren,"LaSalle/Van Buren (Brown, Orange, Purple & Pink lines)",40160,False,False,False,False,True,False,False,False,False,False,"(41.8768, -87.631739)",41.876800000000003,-87.631738999999996,LaSalle/Van Buren,40160,830063,257786,0.689438030607315,572277
206,205,30146,S,Harlem (O'Hare Branch) (Forest Pk-bound),Harlem,Harlem (Blue Line - O'Hare Branch),40750,True,False,True,False,False,False,False,False,False,False,"(41.98227, -87.8089)",41.982270000000000,-87.808899999999994,Harlem-O'Hare,40750,844876,313154,0.629349158929831,531722
207,206,30013,S,Belmont (O'Hare Branch) (Forest Pk-bound),Belmont,Belmont (Blue Line),40060,False,False,True,False,False,False,False,False,False,False,"(41.938132, -87.712359)",41.938132000000003,-87.712359000000006,Belmont-O'Hare,40060,1460132,578140,0.604049496894801,881992
208,207,30086,E,California (Loop-bound),California,California (Pink Line),40440,True,False,False,False,False,False,False,False,True,False,"(41.854109, -87.694774)",41.854109000000001,-87.694773999999995,California-Cermak,40440,431296,197742,0.541516730968986,233554
209,208,30143,E,Western (Loop-bound),Western,Western (Pink Line),40740,True,False,False,False,False,False,False,False,True,False,"(41.854225, -87.685129)",41.854225000000000,-87.685129000000003,Western-Cermak,40740,331454,164830,0.502706257881938,166624
210,209,30192,S,69th (95th-bound),69th,69th (Red Line),40990,True,True,False,False,False,False,False,False,False,False,"(41.768367, -87.625724)",41.768366999999998,-87.625724000000005,69th,40990,1423925,682175,0.520919289990695,741750
211,210,30141,N,Washington/Wells (Inner Loop),Washington/Wells,"Washington/Wells (Brown, Orange, Purple & Pink lines)",40730,True,False,False,False,False,False,True,False,True,True,"(41.882695, -87.63378)",41.882694999999998,-87.633780000000002,Washington/Wells,40730,2214522,668828,0.697980873524851,1545694
212,211,30286,S,Harrison (95th-bound),Harrison,Harrison (Red Line),41490,False,True,False,False,False,False,False,False,False,False,"(41.874039, -87.627479)",41.874039000000003,-87.627478999999994,Harrison,41490,1212514,355774,0.706581532254473,856740
213,212,30221,E,Clinton (Loop-63rd-bound),Clinton,Clinton (Green & Pink lines),41160,True,False,False,True,False,False,False,False,True,False,"(41.885678, -87.641782)",41.885677999999999,-87.641782000000006,Clinton-Lake,41160,1271865,408587,0.678749710071431,863278
214,213,30294,S,Sheridan (Loop-bound),Sheridan,Sheridan (Red Line),40080,False,False,False,False,False,False,False,False,False,False,"(41.953775, -87.654929)",41.953775000000000,-87.654928999999996,Sheridan,40080,1503864,496168,0.670071229845252,1007696
215,214,30258,S,Belmont (Loop-bound),Belmont,"Belmont (Red, Brown & Purple lines)",41320,True,False,False,False,True,False,True,False,False,False,"(41.939751, -87.65338)",41.939751000000001,-87.653379999999999,Belmont-North Main,41320,3745165,1220771,0.674040796600417,2524394
216,215,30242,S,Central (Howard-Loop-bound),Central,Central (Purple Line),41250,False,False,False,False,False,True,True,False,False,False,"(42.063987, -87.685617)",42.063986999999997,-87.685616999999993,Central-Evanston,41250,243564,102620,0.578673367164277,140944
217,216,30203,N,Linden (Linden-bound),Linden,Linden (Purple Line),41050,True,False,False,False,False,True,True,False,False,False,"(42.073153, -87.69073)",42.073152999999998,-87.690730000000002,Linden,41050,296321,89189,0.699012219856169,207132
218,217,30220,S,Kedzie (Midway-bound),Kedzie,Kedzie (Orange Line),41150,True,False,False,False,False,False,False,False,False,True,"(41.804236, -87.704406)",41.804236000000003,-87.704406000000006,Kedzie-Midway,41150,1009589,433671,0.570447974373730,575918
219,218,30250,S,Kimball (Loop-bound),Kimball,Kimball (Brown Line),41290,True,False,False,False,True,False,False,False,False,False,"(41.967901, -87.713065)",41.967900999999998,-87.713065000000000,Kimball,41290,1205094,495434,0.588883522779136,709660
220,219,30178,S,63rd (95th-bound),63rd,63rd (Red Line),40910,True,True,False,False,False,False,False,False,False,False,"(41.780536, -87.630952)",41.780535999999998,-87.630951999999994,63rd-Dan Ryan,40910,937730,452870,0.517057148646199,484860
221,220,30234,S,Fullerton (95th-bound),Fullerton,"Fullerton (Red, Brown & Purple lines)",41220,True,True,False,False,False,False,False,False,False,False,"(41.925051, -87.652866)",41.925051000000003,-87.652866000000003,Fullerton,41220,3719544,1182831,0.681995696246637,2536713
222,221,30278,S,Addison (Loop-bound),Addison,Addison (Brown Line),41440,True,False,False,False,True,False,False,False,False,False,"(41.947028, -87.674642)",41.947028000000003,-87.674642000000006,Addison-Brown,41440,724269,217970,0.699048281784806,506299
223,222,30174,S,Howard (95th-Bound),Howard,"Howard (Red, Purple & Yellow lines)",40900,True,True,False,False,False,False,False,False,False,False,"(42.019063, -87.672892)",42.019063000000003,-87.672892000000004,Howard,40900,1650809,762300,0.538226408990986,888509
224,223,30238,S,47th (95th-bound),47th,47th (Red Line),41230,True,True,False,False,False,False,False,False,False,False,"(41.810318, -87.63094)",41.810318000000002,-87.630939999999995,47th-Dan Ryan,41230,869861,403043,0.536658155728329,466818
225,224,30382,S,Cermak-McCormick Place (63rd-bound),Cermak-McCormick Place,Cermak-McCormick Place (Green Line),41690,True,False,False,True,False,False,False,False,False,False,"(41.853115, -87.626402)",41.853115000000003,-87.626401999999999,Cermak-McCormick Place,41690,564724,192657,0.658847507809124,372067
226,225,30208,W,Kedzie (Harlem-bound),Kedzie,Kedzie (Green Line),41070,True,False,False,True,False,False,False,False,False,False,"(41.884321, -87.706155)",41.884321000000000,-87.706154999999995,Kedzie-Lake,41070,416436,200628,0.518226089963404,215808
227,226,30189,E,Harlem (Forest Pk Branch) (O'Hare-bound),Harlem,Harlem (Blue Line - Forest Park Branch),40980,False,False,True,False,False,False,False,False,False,False,"(41.87349, -87.806961)",41.873489999999997,-87.806961000000001,Harlem-Forest Park,40980,344096,156087,0.546385311075979,188009
228,227,30056,E,Ashland/63rd (Harlem-bound),Ashland/63rd,Ashland/63rd (Green Line),40290,True,False,False,True,False,False,False,False,False,False,"(41.77886, -87.663766)",41.778860000000002,-87.663765999999995,Ashland/63rd,40290,301890,150810,0.500447182748683,151080
229,228,30119,E,Ridgeland (63rd-bound),Ridgeland,Ridgeland (Green Line),40610,False,False,False,True,False,False,False,False,False,False,"(41.887159, -87.783661)",41.887158999999997,-87.783660999999995,Ridgeland,40610,386792,122683,0.682819189641978,264109
230,229,30298,S,Oakton-Skokie (Howard-bound),Oakton-Skokie,Oakton-Skokie (Yellow Line),41680,True,False,False,False,False,False,False,True,False,False,"(42.02624348, -87.74722084)",42.026243479999998,-87.747220839999997,Oakton-Skokie,41680,274960,100396,0.634870526622054,174564
231,230,30139,E,Cottage Grove (Terminal arrival),Cottage Grove,Cottage Grove (Green Line),40720,True,False,False,True,False,False,False,False,False,False,"(41.780309, -87.605857)",41.780309000000003,-87.605857000000000,East 63rd-Cottage Grove,40720,302869,137986,0.544403686082102,164883
232,231,30122,S,Clark/Division (95th-bound),Clark/Division,Clark/Division (Red Line),40630,True,True,False,False,False,False,False,False,False,False,"(41.90392, -87.631412)",41.903919999999999,-87.631411999999997,Clark/Division,40630,2452981,836745,0.658886473233996,1616236
233,232,30251,N,Loyola (Howard-bound),Loyola,Loyola (Red Line),41300,True,True,False,False,False,False,False,False,False,False,"(42.001073, -87.661061)",42.001072999999998,-87.661061000000004,Loyola,41300,1663404,611755,0.632227047668516,1051649
234,233,30295,E,Morgan (Loop-63rd-bound),Morgan,Morgan (Green & Pink lines),41510,True,False,False,True,False,False,False,False,True,False,"(41.885586, -87.652193)",41.885586000000004,-87.652192999999997,Morgan-Lake,41510,1105090,380747,0.655460641214743,724343
235,234,30019,S,Damen (Loop-bound),Damen,Damen (Brown Line),40090,True,False,False,False,True,False,False,False,False,False,"(41.966286, -87.678639)",41.966285999999997,-87.678639000000004,Damen-Brown,40090,838273,258662,0.691434651957059,579611
236,235,30205,N,Ashland (Loop-bound),Ashland,Ashland (Orange Line),41060,True,False,False,False,False,False,False,False,False,True,"(41.839234, -87.665317)",41.839233999999998,-87.665317000000002,Ashland-Orange,41060,478166,221502,0.536767566075380,256664
237,236,30131,N,Adams/Wabash (Outer Loop),Adams/Wabash,"Adams/Wabash (Brown, Green, Orange, Pink & Purple lines)",40680,False,False,False,True,True,False,False,False,False,False,"(41.879507, -87.626037)",41.879506999999997,-87.626036999999997,Adams/Wabash,40680,2087483,636466,0.695103624795986,1451017
238,237,30160,S,Rosemont (Forest Pk-bound),Rosemont,Rosemont (Blue Line),40820,True,False,True,False,False,False,False,False,False,False,"(41.983507, -87.859388)",41.983507000000003,-87.859387999999996,Rosemont,40820,1968273,709783,0.639387930434447,1258490
239,238,30058,N,Indiana (Harlem-bound),Indiana,Indiana (Green Line),40300,True,False,False,True,False,False,False,False,False,False,"(41.821732, -87.621371)",41.821731999999997,-87.621370999999996,Indiana,40300,231963,99395,0.571504938287572,132568
240,239,30118,W,Kostner (54th/Cermak-bound),Kostner,Kostner (Pink Line),40600,True,False,False,False,False,False,False,False,True,False,"(41.853751, -87.733258)",41.853751000000003,-87.733258000000006,Kostner,40600,144034,69864,0.514947859533166,74170
241,240,30066,N,Berwyn (Howard-bound),Berwyn,Berwyn (Red Line),40340,False,True,False,False,False,False,False,False,False,False,"(41.977984, -87.658668)",41.977983999999999,-87.658668000000006,Berwyn,40340,1013553,406530,0.598906026621203,607023
242,241,30103,N,Diversey (Kimball-Linden-bound),Diversey,Diversey (Brown & Purple lines),40530,True,False,False,False,True,False,True,False,False,False,"(41.932732, -87.653131)",41.932732000000001,-87.653131000000002,Diversey,40530,1651007,525219,0.681879604386898,1125788
243,242,30247,N,Jefferson Park (O'Hare-bound),Jefferson Park,Jefferson Park (Blue Line),41280,True,False,True,False,False,False,False,False,False,False,"(41.970634, -87.760892)",41.970633999999997,-87.760891999999998,Jefferson Park,41280,1896402,826774,0.564030200347817,1069628
244,243,30183,E,Halsted/63rd (Harlem-bound),Halsted,Halsted (Green Line),40940,True,False,False,True,False,False,False,False,False,False,"(41.778943, -87.644244)",41.778942999999998,-87.644244000000000,Halsted/63rd,40940,159214,77657,0.512247666662479,81557
245,244,30275,N,87th (Howard-bound),87th,87th (Red Line),41430,True,True,False,False,False,False,False,False,False,False,"(41.735372, -87.624717)",41.735371999999998,-87.624717000000004,87th,41430,1186724,551680,0.535123583916732,635044
246,245,30210,S,47th (63rd-bound),47th,47th (Green Line),41080,True,False,False,True,False,False,False,False,False,False,"(41.809209, -87.618826)",41.809209000000003,-87.618825999999999,47th-South Elevated,41080,314977,146401,0.535200982928912,168576
247,246,30271,N,Chicago (O'Hare-bound),Chicago,Chicago (Blue Line),41410,False,False,True,False,False,False,False,False,False,False,"(41.896075, -87.655214)",41.896075000000003,-87.655214000000001,Chicago/Milwaukee,41410,1182468,353976,0.700646444554948,828492
248,247,30284,S,Western (Loop-bound),Western,Western (Brown Line),41480,True,False,False,False,True,False,False,False,False,False,"(41.966163, -87.688502)",41.966163000000002,-87.688502000000000,Western-Brown,41480,1258060,436879,0.652735958539338,821181
249,248,30077,W,Forest Park (Terminal Arrival),Forest Park,Forest Park (Blue Line),40390,True,False,True,False,False,False,False,False,False,False,"(41.874257, -87.817318)",41.874257000000000,-87.817318000000000,Forest Park,40390,924239,402347,0.564672124850823,521892
250,249,30112,S,California (Forest Pk-bound),California,California  (Blue Line),40570,False,False,True,False,False,False,False,False,False,False,"(41.921939, -87.69689)",41.921939000000002,-87.696889999999996,California/Milwaukee,40570,1702462,511205,0.699726043811844,1191257
251,250,30254,S,Paulina (Loop-bound),Paulina,Paulina (Brown Line),41310,True,False,False,False,True,False,False,False,False,False,"(41.943623, -87.670907)",41.943623000000002,-87.670907000000000,Paulina,41310,849667,272270,0.679556814610900,577397
252,251,30007,N,Quincy/Wells (Inner Loop),Quincy/Wells,"Quincy/Wells (Brown, Orange, Purple & Pink lines)",40040,True,False,False,False,False,False,True,False,True,True,"(41.878723, -87.63374)",41.878723000000001,-87.633740000000003,Quincy/Wells,40040,2188354,595970,0.727662891835599,1592384
253,252,30091,S,Merchandise Mart (Loop-bound),Merchandise Mart,Merchandise Mart (Brown & Purple lines),40460,True,False,False,False,True,False,True,False,False,False,"(41.888969, -87.633924)",41.888969000000003,-87.633923999999993,Merchandise Mart,40460,2237817,580038,0.740801861814438,1657779
254,253,30051,W,State/Lake (Outer Loop),State/Lake,"State/Lake (Brown, Green, Orange, Pink & Purple lines)",40260,False,False,False,True,True,False,False,False,False,False,"(41.88574, -87.627835)",41.885739999999998,-87.627835000000005,State/Lake,40260,3783187,1164251,0.692256555121383,2618936
255,254,30094,E,Cicero (63rd-bound),Cicero,Cicero (Green Line),40480,True,False,False,True,False,False,False,False,False,False,"(41.886519, -87.744698)",41.886519000000000,-87.744698000000000,Cicero-Lake,40480,370320,193386,0.477786779001944,176934
256,255,30260,S,Montrose (Forest Pk-bound),Montrose,Montrose (Blue Line),41330,False,False,True,False,False,False,False,False,False,False,"(41.961539, -87.743574)",41.961539000000002,-87.743573999999995,Montrose-O'Hare,41330,767589,235161,0.693636829084315,532428
257,256,30042,E,Western (Forest Pk Branch) (O'Hare-bound),Western,Western (Blue Line - Forest Park Branch),40220,False,False,True,False,False,False,False,False,False,False,"(41.875478, -87.688436)",41.875478000000001,-87.688435999999996,Western-Forest Park,40220,494550,201721,0.592112021029218,292829
258,257,30285,N,Harrison (Howard-bound),Harrison,Harrison (Red Line),41490,False,True,False,False,False,False,False,False,False,False,"(41.874039, -87.627479)",41.874039000000003,-87.627478999999994,Harrison,41490,1212514,355774,0.706581532254473,856740
259,258,30127,N,Armitage (Kimball-Linden-bound),Armitage,Armitage (Brown & Purple lines),40660,True,False,False,False,True,False,True,False,False,False,"(41.918217, -87.652644)",41.918216999999999,-87.652643999999995,Armitage,40660,1243651,378662,0.695523905018369,864989
260,259,30227,N,Jarvis (Howard-bound),Jarvis,Jarvis (Red Line),41190,False,True,False,False,False,False,False,False,False,False,"(42.015876, -87.669092)",42.015875999999999,-87.669092000000006,Jarvis,41190,479462,198890,0.585180890247819,280572
261,260,30017,S,Sheridan (95th-bound),Sheridan,Sheridan (Red Line),40080,False,True,False,False,False,False,False,False,False,False,"(41.953775, -87.654929)",41.953775000000000,-87.654928999999996,Sheridan,40080,1503864,496168,0.670071229845252,1007696
262,261,30003,E,Harlem (63rd-bound),Harlem/Lake,Harlem/Lake (Green Line),40020,True,False,False,True,False,False,False,False,False,False,"(41.886848, -87.803176)",41.886848000000001,-87.803175999999993,Harlem-Lake,40020,1101813,489376,0.555844775837642,612437
263,262,30277,N,Addison (Kimball-bound),Addison,Addison (Brown Line),41440,True,False,False,False,True,False,False,False,False,False,"(41.947028, -87.674642)",41.947028000000003,-87.674642000000006,Addison-Brown,41440,724269,217970,0.699048281784806,506299
264,263,30255,N,Belmont (Howard-bound),Belmont,"Belmont (Red, Brown & Purple lines)",41320,True,True,False,False,False,False,False,False,False,False,"(41.939751, -87.65338)",41.939751000000001,-87.653379999999999,Belmont-North Main,41320,3745165,1220771,0.674040796600417,2524394
265,264,30136,W,Laramie (Harlem-bound),Laramie,Laramie (Green Line),40700,True,False,False,True,False,False,False,False,False,False,"(41.887163, -87.754986)",41.887163000000001,-87.754986000000002,Laramie,40700,337121,169442,0.497385211837886,167679
266,265,30249,N,Kimball (Terminal arrival),Kimball,Kimball (Brown Line),41290,True,False,False,False,True,False,False,False,False,False,"(41.967901, -87.713065)",41.967900999999998,-87.713065000000000,Kimball,41290,1205094,495434,0.588883522779136,709660
267,266,30191,N,69th (Howard-bound),69th,69th (Red Line),40990,True,True,False,False,False,False,False,False,False,False,"(41.768367, -87.625724)",41.768366999999998,-87.625724000000005,69th,40990,1423925,682175,0.520919289990695,741750
268,267,30050,E,State/Lake (Inner Loop),State/Lake,"State/Lake (Brown, Green, Orange, Pink & Purple lines)",40260,False,False,False,True,False,False,True,False,True,True,"(41.88574, -87.627835)",41.885739999999998,-87.627835000000005,State/Lake,40260,3783187,1164251,0.692256555121383,2618936
269,268,30153,N,Monroe (O'Hare-bound),Monroe,Monroe (Blue Line),40790,False,False,True,False,False,False,False,False,False,False,"(41.880703, -87.629378)",41.880702999999997,-87.629378000000003,Monroe/Dearborn,40790,2268194,606695,0.732520675039260,1661499
270,269,30040,E,Damen (Loop-bound),Damen,Damen (Pink Line),40210,True,False,False,False,False,False,False,False,True,False,"(41.854517, -87.675975)",41.854517000000001,-87.675974999999994,Damen-Cermak,40210,463277,191722,0.586161195138114,271555
271,270,30179,E,Pulaski (O'Hare-bound),Pulaski,Pulaski (Blue Line),40920,False,False,True,False,False,False,False,False,False,False,"(41.873797, -87.725663)",41.873797000000003,-87.725662999999997,Pulaski-Forest Park,40920,570897,355829,0.376719443262095,215068
272,271,30186,S,Pulaski (Midway-bound),Pulaski,Pulaski (Orange Line),40960,True,False,False,False,False,False,False,False,False,True,"(41.799756, -87.724493)",41.799756000000002,-87.724492999999995,Pulaski-Orange,40960,1465594,568830,0.611877504957035,896764
273,272,30213,N,35-Bronzeville-IIT (Harlem-bound),35th-Bronzeville-IIT,35th-Bronzeville-IIT (Green Line),41120,True,False,False,True,False,False,False,False,False,False,"(41.831677, -87.625826)",41.831676999999999,-87.625826000000004,35-Bronzeville-IIT,41120,480679,185990,0.613068180636142,294689
274,273,30144,W,Western (54th/Cermak-bound),Western,Western (Pink Line),40740,True,False,False,False,False,False,False,False,True,False,"(41.854225, -87.685129)",41.854225000000000,-87.685129000000003,Western-Cermak,40740,331454,164830,0.502706257881938,166624
275,274,30235,N,Fullerton (Kimball-Linden-bound),Fullerton,"Fullerton (Red, Brown & Purple lines)",41220,True,False,False,False,True,False,True,False,False,False,"(41.925051, -87.652866)",41.925051000000003,-87.652866000000003,Fullerton,41220,3719544,1182831,0.681995696246637,2536713
276,275,30148,S,Granville (95th-bound),Granville,Granville (Red Line),40760,True,True,False,False,False,False,False,False,False,False,"(41.993664, -87.659202)",41.993664000000003,-87.659201999999993,Granville,40760,1201804,397034,0.669634982076944,804770
277,276,30071,S,Southport (Loop-bound),Southport,Southport (Brown Line),40360,True,False,False,False,True,False,False,False,False,False,"(41.943744, -87.663619)",41.943744000000002,-87.663618999999997,Southport,40360,1084936,305940,0.718011016318013,778996
278,277,30280,S,Chicago (95th-bound),Chicago,Chicago (Red Line),41450,True,True,False,False,False,False,False,False,False,False,"(41.896671, -87.628176)",41.896670999999998,-87.628175999999996,Chicago/State,41450,4501851,1409684,0.686865691467799,3092167
279,278,30031,W,LaSalle/Van Buren (Inner Loop),LaSalle/Van Buren,"LaSalle/Van Buren (Brown, Orange, Purple & Pink lines)",40160,False,False,False,False,False,False,True,False,True,True,"(41.8768, -87.631739)",41.876800000000003,-87.631738999999996,LaSalle/Van Buren,40160,830063,257786,0.689438030607315,572277
280,279,30222,W,Clinton (Harlem-54th/Cermak-bound),Clinton,Clinton (Green & Pink lines),41160,True,False,False,True,False,False,False,False,True,False,"(41.885678, -87.641782)",41.885677999999999,-87.641782000000006,Clinton-Lake,41160,1271865,408587,0.678749710071431,863278
281,280,30142,S,Washington/Wells (Outer Loop),Washington/Wells,"Washington/Wells (Brown, Orange, Purple & Pink lines)",40730,True,False,False,False,True,False,False,False,False,False,"(41.882695, -87.63378)",41.882694999999998,-87.633780000000002,Washington/Wells,40730,2214522,668828,0.697980873524851,1545694
282,281,30224,S,Garfield (95th-bound),Garfield,Garfield (Red Line),41170,True,True,False,False,False,False,False,False,False,False,"(41.79542, -87.631157)",41.795420000000000,-87.631157000000002,Garfield-Dan Ryan,41170,940726,424323,0.548940924349917,516403
283,282,30244,W,Austin (Harlem-bound),Austin,Austin (Green Line),41260,False,False,False,True,False,False,False,False,False,False,"(41.887293, -87.774135)",41.887293000000000,-87.774135000000001,Austin-Lake,41260,528164,236413,0.552387137328557,291751
284,283,30113,E,54th/Cermak (Loop-bound),54th/Cermak,54th/Cermak (Pink Line),40580,True,False,False,False,False,False,False,False,True,False,"(41.85177331, -87.75669201)",41.851773309999999,-87.756692009999995,54th/Cermak,40580,647566,299853,0.536953762241995,347713
285,284,30282,S,Irving Park (Loop-bound),Irving Park,Irving Park (Brown Line),41460,True,False,False,False,True,False,False,False,False,False,"(41.954521, -87.674868)",41.954521000000000,-87.674868000000004,Irving Park-Brown,41460,947338,281442,0.702912793533037,665896
286,285,30197,N,Logan Square (O'Hare-bound),Logan Square,Logan Square (Blue Line),41020,True,False,True,False,False,False,False,False,False,False,"(41.929728, -87.708541)",41.929727999999997,-87.708540999999997,Logan Square,41020,2261714,700242,0.690393215057253,1561472
287,286,30152,W,Central Park (54th/Cermak-bound),Central Park,Central Park (Pink Line),40780,True,False,False,False,False,False,False,False,True,False,"(41.853839, -87.714842)",41.853839000000001,-87.714842000000004,Central Park,40780,343146,165239,0.518458615283291,177907
288,287,30087,W,California (54th/Cermak-bound),California,California (Pink Line),40440,True,False,False,False,False,False,False,False,True,False,"(41.854109, -87.694774)",41.854109000000001,-87.694773999999995,California-Cermak,40440,431296,197742,0.541516730968986,233554
289,288,30201,E,Kedzie (Loop-bound),Kedzie,Kedzie (Pink Line),41040,True,False,False,False,False,False,False,False,True,False,"(41.853964, -87.705408)",41.853963999999998,-87.705408000000006,Kedzie-Cermak,41040,325089,148445,0.543371199886800,176644
290,289,30069,W,UIC-Halsted (Forest Pk-bound),UIC-Halsted,UIC-Halsted (Blue Line),40350,True,False,True,False,False,False,False,False,False,False,"(41.875474, -87.649707)",41.875473999999997,-87.649707000000006,UIC-Halsted,40350,1729039,524093,0.696887693105824,1204946
291,290,30074,E,Clark/Lake (Inner Loop),Clark/Lake,"Clark/Lake (Blue, Brown, Green, Orange, Purple & Pink lines)",40380,True,False,False,True,False,False,True,False,True,True,"(41.885737, -87.630886)",41.885736999999999,-87.630886000000004,Clark/Lake,40380,5830767,1648674,0.717245775727276,4182093
292,291,30133,N,Dempster (Linden-bound),Dempster,Dempster (Purple Line),40690,False,False,False,False,False,True,True,False,False,False,"(42.041655, -87.681602)",42.041654999999999,-87.681601999999998,Dempster,40690,258934,96449,0.627515119683008,162485
293,292,30081,S,Roosevelt (Midway-63rd-bound),Roosevelt,"Roosevelt (Red, Orange & Green lines)",41400,True,False,False,True,False,False,False,False,False,True,"(41.867405, -87.62659)",41.867404999999998,-87.626589999999993,Roosevelt,41400,3466910,1313925,0.621009775275389,2152985
294,293,30034,E,Oak Park (O'Hare-bound),Oak Park,Oak Park (Blue Line),40180,False,False,True,False,False,False,False,False,False,False,"(41.872108, -87.791602)",41.872107999999997,-87.791601999999997,Oak Park-Forest Park,40180,504438,151589,0.699489332683105,352849
295,294,30168,S,Francisco (Loop-bound),Francisco,Francisco (Brown Line),40870,True,False,False,False,True,False,False,False,False,False,"(41.966046, -87.701644)",41.966045999999999,-87.701644000000002,Francisco,40870,489000,159792,0.673226993865031,329208
296,295,30009,W,Cicero (Harlem-bound),Cicero,Cicero (Green Line),40480,True,False,False,True,False,False,False,False,False,False,"(41.886519, -87.744698)",41.886519000000000,-87.744698000000000,Cicero-Lake,40480,370320,193386,0.477786779001944,176934
297,296,30259,N,Montrose (O'Hare-bound),Montrose,Montrose (Blue Line),41330,False,False,True,False,False,False,False,False,False,False,"(41.961539, -87.743574)",41.961539000000002,-87.743573999999995,Montrose-O'Hare,41330,767589,235161,0.693636829084315,532428
298,297,30125,N,North/Clybourn (Howard-bound),North/Clybourn,North/Clybourn (Red Line),40650,False,True,False,False,False,False,False,False,False,False,"(41.910655, -87.649177)",41.910654999999998,-87.649176999999995,North/Clybourn,40650,1780616,609284,0.657824033929831,1171332
299,298,30172,S,O'Hare (Forest Pk-bound),O'Hare,O'Hare (Blue Line),40890,True,False,True,False,False,False,False,False,False,False,"(41.97766526, -87.90422307)",41.977665260000002,-87.904223070000000,O'Hare Airport,40890,3811167,1355724,0.644275887149527,2455443
300,299,30045,S,Cumberland (Forest Pk-bound),Cumberland,Cumberland (Blue Line),40230,True,False,True,False,False,False,False,False,False,False,"(41.984246, -87.838028)",41.984245999999999,-87.838027999999994,Cumberland,40230,1239810,401506,0.676155217331688,838304
301,300,30388,W,Damen (Harlem-bound),Damen,Damen (Green Line),41710,True,False,False,True,False,False,False,False,False,False,"(41.88497405, -87.67689149)",41.884974049999997,-87.676891490000003,,,,,,
302,301,30387,E,Damen (63rd-bound),Damen,Damen (Green Line),41710,True,False,False,True,False,False,False,False,False,False,"(41.88497405, -87.67689149)",41.884974049999997,-87.676891490000003,,,,,,
